{
  "2D": 69.6489999294281,
  "3D": 3.96099996566772,
  "Editor": 1660.65399909019,
  "External": 1567.04099917412,
  "Game": 2.00099992752075,
  "Script": 18.0020000934601
}