{
  "3D": 3.96099996566772,
  "Editor": 16.9609999656677,
  "External": 9.99600005149841,
  "Game": 2.00099992752075,
  "Script": 1.00300002098084
}